Parent Account Id;Name;Alias;Creation date;Country;Currency;Item description;Item total;Invoice sub-total in Currency;Invoice total in Currency;Child Account Id;Child Account Name;Child Country;Is Only API;Child Project Id;Child Project Name;Agents billed count;Agents free tier;Agents billed;Audio to text transcription (minutes) billed count;Audio to text transcription (minutes) free tier;Audio to text transcription (minutes) billed;Antivirus scan billed count;Antivirus scan free tier;Antivirus scan billed;Data sources BI (GB) billed count;Data sources BI (GB) free tier;Data sources BI (GB) billed;Actions premium billed count;Actions premium free tier;Actions premium billed;Call: Minutes billed count;Call: Minutes free tier;Call: Minutes billed;Call: Recording minutes billed count;Call: Recording minutes free tier;Call: Recording minutes billed;Code actions (hours) billed count;Code actions (hours) free tier;Code actions (hours) billed;CDN Storage billed count;CDN Storage free tier;CDN Storage billed;Consulting billed count;Consulting billed;Generative AI Tokens: Co-Pilot predictions billed count;Generative AI Tokens: Co-Pilot predictions free tier;Generative AI Tokens: Co-Pilot predictions billed;DISCOUNT billed count;DISCOUNT billed;Data privacy in the face of AI models (hours) billed count;Data privacy in the face of AI models (hours) free tier;Data privacy in the face of AI models (hours) billed;Email monthly threads billed count;Email monthly threads free tier;Email monthly threads billed;Encryption of sensitive data (GB) billed count;Encryption of sensitive data (GB) free tier;Encryption of sensitive data (GB) billed;Botmaker platform fee Aug 2026 billed count;Botmaker platform fee Aug 2026 billed;Invoicing collection and credit for generative technologies billed count;Invoicing collection and credit for generative technologies free tier;Invoicing collection and credit for generative technologies billed;Generative AI Tokens: AI agent in bots billed count;Generative AI Tokens: AI agent in bots free tier;Generative AI Tokens: AI agent in bots billed;Generative AI Tokens: Generative AI consumption billed count;Generative AI Tokens: Generative AI consumption free tier;Generative AI Tokens: Generative AI consumption billed;Generative AI Tokens: Co-Pilot predictions billed count;Generative AI Tokens: Co-Pilot predictions free tier;Generative AI Tokens: Co-Pilot predictions billed;AI: Agent billed count;AI: Agent free tier;AI: Agent billed;AI: Using assistant billed count;AI: Using assistant free tier;AI: Using assistant billed;AI: Automation Execution billed count;AI: Automation Execution free tier;AI: Automation Execution billed;AI: Response from Orchestrators billed count;AI: Response from Orchestrators free tier;AI: Response from Orchestrators billed;AI: Node validation billed count;AI: Node validation free tier;AI: Node validation billed;HITL: Human in the Loop sessions billed count;HITL: Human in the Loop sessions free tier;HITL: Human in the Loop sessions billed;Generative AI Tokens: Generative natural language (NLU) billed count;Generative AI Tokens: Generative natural language (NLU) free tier;Generative AI Tokens: Generative natural language (NLU) billed;Generative AI Tokens: Other features billed count;Generative AI Tokens: Other features free tier;Generative AI Tokens: Other features billed;Generative AI Tokens: AI features for productivity billed count;Generative AI Tokens: AI features for productivity free tier;Generative AI Tokens: AI features for productivity billed;Generative AI Tokens: Generative AI consumption billed count;Generative AI Tokens: Generative AI consumption free tier;Generative AI Tokens: Generative AI consumption billed;Generative AI Tokens: Content base training consumption billed count;Generative AI Tokens: Content base training consumption free tier;Generative AI Tokens: Content base training consumption billed;Generative AI Tokens: Content base training consumption billed count;Generative AI Tokens: Content base training consumption free tier;Generative AI Tokens: Content base training consumption billed;Calls: Long billed count;Calls: Long free tier;Calls: Long billed;MAU_COEXISTENCE billed count;MAU_COEXISTENCE free tier;MAU_COEXISTENCE billed;M.A.U. billed count;M.A.U. free tier;M.A.U. billed;M.A.U. billed count;M.A.U. free tier;M.A.U. billed;Messages billed count;Messages free tier;Messages billed;Notifications not received billed count;Notifications not received free tier;Notifications not received billed;Notifications not received billed count;Notifications not received free tier;Notifications not received billed;Notifications not answered billed count;Notifications not answered free tier;Notifications not answered billed;Notifications not answered billed count;Notifications not answered free tier;Notifications not answered billed;Notifications not answered billed count;Notifications not answered free tier;Notifications not answered billed;Notifications not answered billed count;Notifications not answered free tier;Notifications not answered billed;Others consumptions billed count;Others consumptions billed;Other deprecated consumptions billed count;Other deprecated consumptions free tier;Other deprecated consumptions billed;Calls: Phone voice line billed count;Calls: Phone voice line free tier;Calls: Phone voice line billed;Advanced agent restriction validation (hours) billed count;Advanced agent restriction validation (hours) free tier;Advanced agent restriction validation (hours) billed;Daily users billed count;Daily users free tier;Daily users billed;SESSIONS_COEXISTENCE billed count;SESSIONS_COEXISTENCE free tier;SESSIONS_COEXISTENCE billed;SESSIONS_FAILED_TO_START billed count;SESSIONS_FAILED_TO_START free tier;SESSIONS_FAILED_TO_START billed;Daily users billed count;Daily users free tier;Daily users billed;Daily users (did not respond) billed count;Daily users (did not respond) free tier;Daily users (did not respond) billed;Initial Setup billed count;Initial Setup billed;Calls: Short billed count;Calls: Short free tier;Calls: Short billed;Technical support billed count;Technical support billed;Support Plan billed count;Support Plan billed;Text Messaging: Accounts billed count;Text Messaging: Accounts free tier;Text Messaging: Accounts billed;Text Messaging: Received messages billed count;Text Messaging: Received messages free tier;Text Messaging: Received messages billed;Text Messaging: Sent messages billed count;Text Messaging: Sent messages free tier;Text Messaging: Sent messages billed;Voice generation billed count;Voice generation free tier;Voice generation billed;Language translator billed count;Language translator free tier;Language translator billed;Twitter subscriptions (days) billed count;Twitter subscriptions (days) free tier;Twitter subscriptions (days) billed;Upsell billed count;Upsell billed;Url scan billed count;Url scan free tier;Url scan billed;VPN connection billed count;VPN connection billed;WhatsApp: Business Call Pulses billed count;WhatsApp: Business Call Pulses free tier;WhatsApp: Business Call Pulses billed;WhatsApp: Authorization conversations billed count;WhatsApp: Authorization conversations free tier;WhatsApp: Authorization conversations billed;WhatsApp: Business conversations billed count;WhatsApp: Business conversations free tier;WhatsApp: Business conversations billed;WhatsApp: Marketing conversations billed count;WhatsApp: Marketing conversations free tier;WhatsApp: Marketing conversations billed;WhatsApp: Utility conversations billed count;WhatsApp: Utility conversations free tier;WhatsApp: Utility conversations billed;WhatsApp: Meta Business Agent messages billed count;WhatsApp: Meta Business Agent messages free tier;WhatsApp: Meta Business Agent messages billed;WhatsApp: Referral conversations billed count;WhatsApp: Referral conversations free tier;WhatsApp: Referral conversations billed;WhatsApp: User conversations billed count;WhatsApp: User conversations free tier;WhatsApp: User conversations billed;Webhook messages billed count;Webhook messages free tier;Webhook messages billed;WhatsApp: Additional lines billed count;WhatsApp: Additional lines free tier;WhatsApp: Additional lines billed
EJRC6X6TLYSTJJYV7ZX1;COMPRE AFUERA SRL;REPLY;2023-04-03T14:35:33.501Z;AR;ARS; - - - - Plan Botmaker Plataforma Ago 2026 # 25 # 1	 - - - - Agentes registrados # 8 # 1;ARS 2778000.00	ARS 49600.00;2827600.0000000;3449672.0000000
EJRC6X6TLYSTJJYV7ZX1;COMPRE AFUERA SRL;REPLY;2023-04-03T14:35:33.501Z;;;;;;;O5EQKQ5ODZTOKDGOCGFW;Grupo Peñaflor;AR;false;grupopenaflor;grupopenaflor;0;0;0.00;0.000;0.000;0.00;0;0;0;0;0;0.00;0;0;0.00;0;0;0.00;0;0;0.00;0.000;0.000;0.00;0;0;0.00;1;0.00;0;0;0.00;0;0;0.000;0.000;0.00;0;0;0.00;0.000;0.000;0.00;1;0.00;0;0;0;0;0;0;0;0;0.00;0;0;0;0;0;0;0;0;0;0;0;0;0;0;0;0;0;0;0;0;0;0;0;0;0;0;0;0;0;0;0;0;0;0;0;0;0;0;0.00;0;0;0;0;0;0;0;0;0;0;0;0;0;0;0.00;0;0;0.00;0;0;0;0;0;0.00;0;0;0;0;0;0;0;0;0;1;0.00;0;0;0;0;0;0;0.000;0.000;0.00;0;0;0.00;0;0;0.00;0;0;0;0;0;0;0;0;0;0;0;0;0;0;1;0.00;0;0;0;0;0;0;0;0;0;0;0;0;0;0.00;0;0;0.00;0;0;0.00;0;0;0;0;0;1;0.00;0;0;0;0;0;0;0;0;0;0;0;0;0;0;0;0;0;0;0;0;0;0;0;0;0;0;0.00;0;0;0
EJRC6X6TLYSTJJYV7ZX1;COMPRE AFUERA SRL;REPLY;2023-04-03T14:35:33.501Z;;;;;;;XC7PWW1BG84768PA3GHV;Equipmaster;AR;false;equipmaster;equipmaster;0;0;0.00;0.000;0.000;0.00;0;0;0;0;0;0.00;0;0;0.00;0;0;0.00;0;0;0.00;0.000;0.000;0.00;0;0;0.00;1;0.00;0;0;0.00;0;0;0.000;0.000;0.00;0;0;0.00;0.000;0.000;0.00;1;0.00;0;0;0;0;0;0;0;0;0.00;0;0;0;0;0;0;0;0;0;0;0;0;0;0;0;0;0;0;0;0;0;0;0;0;0;0;0;0;0;0;0;0;0;0;0;0;0;0;0.00;0;0;0;0;0;0;0;0;0;0;0;0;0;0;0.00;0;0;0.00;0;0;0;0;0;0.00;0;0;0;0;0;0;0;0;0;1;0.00;0;0;0;0;0;0;0.000;0.000;0.00;0;0;0.00;0;0;0.00;0;0;0;0;0;0;0;0;0;1;0.00;0;0;0;1;0.00;0;0;0;0;0;0;0;0;0;0;0;0;0;0.00;0;0;0.00;0;0;0.00;0;0;0;0;0;1;0.00;0;0;0;0;0;0;0;0;0;0;0;0;0;0;0;0;0;0;0;0;0;0;0;0;0;0;0.00;0;0;0
EJRC6X6TLYSTJJYV7ZX1;COMPRE AFUERA SRL;REPLY;2023-04-03T14:35:33.501Z;;;;;;;F48MCKE7SDDZ86K3AFWI;Íntegra;AR;false;integra;integra;0;0;0.00;0.000;0.000;0.00;0;0;0;0;0;0.00;0;0;0.00;0;0;0.00;0;0;0.00;0.000;0.000;0.00;0;0;0.00;1;0.00;0;0;0.00;0;0;0.000;0.000;0.00;0;0;0.00;0.000;0.000;0.00;1;0.00;0;0;0;0;0;0;0;0;0.00;0;0;0;0;0;0;0;0;0;0;0;0;0;0;0;0;0;0;0;0;0;0;0;0;0;0;0;0;0;0;0;0;0;0;0;0;0;0;0.00;0;0;0;0;0;0;0;0;0;0;0;0;0;0;0.00;0;0;0.00;0;0;0;0;0;0.00;0;0;0;0;0;0;0;0;0;1;0.00;0;0;0;0;0;0;0.000;0.000;0.00;0;0;0.00;0;0;0.00;0;0;0;0;0;0;0;0;0;1;0.00;0;0;0;1;0.00;0;0;0;0;0;0;0;0;0;0;0;0;0;0.00;0;0;0.00;0;0;0.00;0;0;0;0;0;1;0.00;0;0;0;0;0;0;0;0;0;0;0;0;0;0;0;0;0;0;0;0;0;0;0;0;0;0;0.00;0;0;0
EJRC6X6TLYSTJJYV7ZX1;COMPRE AFUERA SRL;REPLY;2023-04-03T14:35:33.501Z;;;;;;;0H2U8QHFOQEMSZOU3SSX;Goodies;AR;false;goodies;goodies;0;0;0.00;0.000;0.000;0.00;0;0;0;0;0;0.00;0;0;0.00;0;0;0.00;0;0;0.00;0.000;0.000;0.00;0;0;0.00;1;0.00;0;0;0.00;0;0;0.000;0.000;0.00;0;0;0.00;0.000;0.000;0.00;1;0.00;0;0;0;0;0;0;0;0;0.00;0;0;0;0;0;0;0;0;0;0;0;0;0;0;0;0;0;0;0;0;0;0;0;0;0;0;0;0;0;0;0;0;0;0;0;0;0;0;0.00;0;0;0;0;0;0;0;0;0;0;0;0;0;0;0.00;0;0;0.00;0;0;0;0;0;0.00;0;0;0;0;0;0;0;0;0;1;0.00;0;0;0;0;0;0;0.000;0.000;0.00;0;0;0.00;0;0;0.00;0;0;0;0;0;0;0;0;0;1;0.00;0;0;0;1;0.00;0;0;0;0;0;0;0;0;0;0;0;0;0;0.00;0;0;0.00;0;0;0.00;0;0;0;0;0;1;0.00;0;0;0;0;0;0;0;0;0;0;0;0;0;0;0;0;0;0;0;0;0;0;0;0;0;0;0.00;0;0;0
EJRC6X6TLYSTJJYV7ZX1;COMPRE AFUERA SRL;REPLY;2023-04-03T14:35:33.501Z;;;;;;;I4WY2JLCB7CROGNV14KL;Pinturas Online;AR;false;pinturasonline;pinturasonline;5;10;31000.00;0.000;0.000;0.00;0;20;0.00;0;35;0.00;0;0;0.00;0;0;0.00;0;0;0.00;0.000;0.003;0.00;13947866;0;0.00;0;0;0;0;0.00;0;0;0.000;0.000;0.00;0;0;0.00;0.000;0.000;0.00;1;139000.00;7836570;0;4.76;22341;0;0.04;0;0;0.00;0;0;0;2716439;0;28.92;0;0;0;0;0;0;3486314;0;15.77;32048;0;0.49;1430263;0;2.30;0;0;0;0;0;0;149165;0;0.06;0;0;0;0;0;0;0;0;0.00;0;0;0;0;0;0;0;0;0;0;0;0;1427;0;0.00;0;0;0.00;0;0;0;0;0;0.00;0;0;0;0;0;0;0;0;0;0;0;0;0;0;0;0;0;0.000;0.000;0.00;0;584;0.00;0;0;0.00;0;0;0;0;0;0;0;0;0;0;0;0;0;0;0;0;0;0;0;0;0;0;0;0;0;0;0;0;0;0.00;0;0;0.00;0;0;0.00;0;0;0;13;0.00;0;0;0;0;0;0;0;0;0;0;0;0;0;0;0;0;0;0;0;0;0;0;0;0;0;0;0;0;0.00;0;0;0
EJRC6X6TLYSTJJYV7ZX1;COMPRE AFUERA SRL;REPLY;2023-04-03T14:35:33.501Z;;;;;;;I4WY2JLCB7CROGNV14KL;Pinturas Online;AR;false;laespumeria_2;laespumeria_2;15;0;31000.00;0.000;0.000;0.00;0;0;0.00;0;0;0.00;0;0;0.00;0;0;0.00;0;0;0.00;0.000;0.000;0.00;0;0;0.00;0;0;0;0;0.00;0;0;0.000;0.000;0.00;0;0;0.00;0.000;0.000;0.00;0;0;0;0;0.00;0;0;0.00;0;0;0.00;0;0;0;0;0;0.00;0;0;0;0;0;0;0;0;0.00;0;0;0.00;0;0;0.00;0;0;0;0;0;0;0;0;0.00;0;0;0;0;0;0;0;0;0.00;0;0;0;0;0;0;0;0;0;0;0;0;0;0;0.00;0;0;0.00;0;0;0;0;0;0.00;0;0;0;0;0;0;0;0;0;0;0;0;0;0;0;0;0;0.000;0.000;0.00;0;0;0.00;0;0;0.00;0;0;0;0;0;0;0;0;0;0;0;0;0;0;0;0;0;0;0;0;0;0;0;0;0;0;0;0;0;0.00;0;0;0.00;0;0;0.00;0;0;0;0;0.00;0;0;0;0;0;0;0;0;0;0;0;0;0;0;0;0;0;0;0;0;0;0;0;0;0;0;0;0;0.00;0;0;0
EJRC6X6TLYSTJJYV7ZX1;COMPRE AFUERA SRL;REPLY;2023-04-03T14:35:33.501Z;;;;;;;MSUMASI4HJVZX04WJYNM;Belcorp;AR;false;belcorp_1;belcorp_1;0;0;0.00;0.000;0.000;0.00;0;0;0;0;0;0.00;0;0;0.00;0;0;0.00;0;0;0.00;0.000;0.000;0.00;0;0;0.00;0;0;0;0;0.00;0;0;0.000;0.000;0.00;0;0;0.00;0.000;0.000;0.00;1;0.00;0;0;0;0;0;0;0;0;0.00;0;0;0;0;0;0;0;0;0;0;0;0;0;0;0;0;0;0;0;0;0;0;0;0;0;0;0;0;0;0;0;0;0;0;0;0;0;0;0.00;0;0;0;0;0;0;0;0;0;0;0;0;0;0;0.00;0;0;0.00;0;0;0;0;0;0.00;0;0;0;0;0;0;0;0;0;0;0;0;0;0;0;0;0;0.000;0.000;0.00;0;0;0.00;0;0;0.00;0;0;0;0;0;0;0;0;0;0;0;0;0;0;0;0;0;0;0;0;0;0;0;0;0;0;0;0;0;0.00;0;0;0.00;0;0;0.00;0;0;0;0;0;0;0;0;0;0;0;0;0;0;0;0;0;0;0;0;0;0;0;0;0;0;0;0;0;0;0;0;0;0.00;0;0;0
EJRC6X6TLYSTJJYV7ZX1;COMPRE AFUERA SRL;REPLY;2023-04-03T14:35:33.501Z;;;;;;;Q04W4G6IIIMTR6D0FQ1F;Violetta Cosméticos;AR;false;violetta;violetta;0;0;0.00;0.000;0.000;0.00;0;0;0;0;0;0.00;0;0;0.00;0;0;0.00;0;0;0.00;0.000;0.000;0.00;0;0;0.00;1;0.00;0;0;0.00;0;0;0.000;0.000;0.00;0;0;0.00;0.000;0.000;0.00;1;0.00;0;0;0;0;0;0;0;0;0.00;0;0;0;0;0;0;0;0;0;0;0;0;0;0;0;0;0;0;0;0;0;0;0;0;0;0;0;0;0;0;0;0;0;0;0;0;0;0;0.00;0;0;0;0;0;0;0;0;0;0;0;0;0;0;0.00;0;0;0.00;0;0;0;0;0;0.00;0;0;0;0;0;0;0;0;0;1;0.00;0;0;0;0;0;0;0.000;0.000;0.00;0;0;0.00;0;0;0.00;0;0;0;0;0;0;0;0;0;1;0.00;0;0;0;1;0.00;0;0;0;0;0;0;0;0;0;0;0;0;0;0.00;0;0;0.00;0;0;0.00;0;0;0;0;0;1;0.00;0;0;0;0;0;0;0;0;0;0;0;0;0;0;0;0;0;0;0;0;0;0;0;0;0;0;0.00;0;0;0
EJRC6X6TLYSTJJYV7ZX1;COMPRE AFUERA SRL;REPLY;2023-04-03T14:35:33.501Z;;;;;;;WW7Y1RCJBFZEJRJMCPLE;La Espumeria;AR;false;laespumeria_1;laespumeria_1;0;12;0.00;0.000;0.000;0.00;0;24;0.00;0;40;0.00;0;0;0.00;0;0;0.00;0;0;0.00;0.000;0.001;0.00;48575503;0;0.00;1;0.00;0;0;0.00;0;0;0.000;0.000;0.00;0;0;0.00;0.000;0.000;0.00;1;139000.00;3152308;0;0.33;675398;0;1.09;0;0;0.00;0;0;0;0;0;0;0;0;0;0;0;0;0;0;0;0;0;0;0;0;0;1009092;0;1.62;0;0;0;1467818;0;0.59;0;0;0;0;0;0;0;0;0.00;0;0;0;0;0;0;0;0;0;0;0;0;4317;0;0.00;0;0;0.00;0;0;0;0;0;0.00;0;0;0;0;0;0;0;0;0;1;0.00;0;0;0;0;0;0;0.000;0.000;0.00;0;958;0.00;0;0;0.00;0;0;0;0;0;0;0;0;0;1;0.00;0;0;0;1;0.00;0;0;0;0;0;0;0;0;0;0;0;0;0;0.00;0;0;0.00;0;0;0.00;0;0;0;23;0.00;1;0.00;0;0;0;0;0;0;0;0;0;0;0;0;0;0;0;0;0;0;0;0;0;0;0;0;0;0;0.00;0;0;0
EJRC6X6TLYSTJJYV7ZX1;COMPRE AFUERA SRL;REPLY;2023-04-03T14:35:33.501Z;;;;;;;MFDYQJT234DG2MSOG11B;Enogarage;AR;false;enogarage;enogarage;0;0;0.00;0.000;0.000;0.00;0;0;0;0;0;0.00;0;0;0.00;0;0;0.00;0;0;0.00;0.000;0.000;0.00;0;0;0.00;1;0.00;0;0;0.00;0;0;0.000;0.000;0.00;0;0;0.00;0.000;0.000;0.00;1;0.00;0;0;0;0;0;0;0;0;0.00;0;0;0;0;0;0;0;0;0;0;0;0;0;0;0;0;0;0;0;0;0;0;0;0;0;0;0;0;0;0;0;0;0;0;0;0;0;0;0.00;0;0;0;0;0;0;0;0;0;0;0;0;0;0;0.00;0;0;0.00;0;0;0;0;0;0.00;0;0;0;0;0;0;0;0;0;1;0.00;0;0;0;0;0;0;0.000;0.000;0.00;0;0;0.00;0;0;0.00;0;0;0;0;0;0;0;0;0;1;0.00;0;0;0;1;0.00;0;0;0;0;0;0;0;0;0;0;0;0;0;0.00;0;0;0.00;0;0;0.00;1;0.00;0;0;0;1;0.00;0;0;0;0;0;0;0;0;0;0;0;0;0;0;0;0;0;0;0;0;0;0;0;0;0;0;0.00;0;0;0
EJRC6X6TLYSTJJYV7ZX1;COMPRE AFUERA SRL;REPLY;2023-04-03T14:35:33.501Z;;;;;;;IAUM5Q3YBZGL6WUHFF35;Cafe Martinez;AR;false;cafemartinez_1;cafemartinez_1;0;9;0.00;0.000;0.000;0.00;0;4;0.00;0;229;0.00;0;140;0.00;0;0;0.00;0;0;0.00;0.000;1.937;0.00;53434944;0;0.00;0;0;0;0;0.00;0;0;0.000;0.000;0.00;0;0;0.00;0.000;0.000;0.00;1;139000.00;3181263;0;0.51;3123606;0;5.00;0;0;0.00;0;0;0;0;0;0;0;0;0;0;0;0;0;0;0;0;0;0;0;0;0;0;0;0;0;0;0;57657;0;0.03;0;0;0;0;0;0;0;0;0.00;0;0;0;0;0;0;0;0;0;0;0;0;629;0;0.00;0;0;0.00;0;0;0;0;0;0.00;0;0;0;0;0;0;0;0;0;0;0;0;0;0;0;0;0;0.000;0.000;0.00;0;229;0.00;0;0;0.00;0;0;0;0;0;0;0;0;0;0;0;0;0;0;0;0;0;0;0;0;0;0;0;0;0;0;0;0;0;0.00;0;0;0.00;0;0;0.00;0;0;0;7;0.00;0;0;0;0;0;0;0;0;0;0;0;0;0;0;0;0;0;0;0;0;0;0;0;0;0;0;0;0;0.00;0;0;0
EJRC6X6TLYSTJJYV7ZX1;COMPRE AFUERA SRL;REPLY;2023-04-03T14:35:33.501Z;;;;;;;1I2DYKIOTEHVKUIRQACF;Bella Paloma;AR;false;bellapaloma;bellapaloma;0;0;0.00;0.000;0.000;0.00;0;0;0;0;0;0.00;0;0;0.00;0;0;0.00;0;0;0.00;0.000;0.000;0.00;0;0;0.00;1;0.00;0;0;0.00;0;0;0.000;0.000;0.00;0;0;0.00;0.000;0.000;0.00;1;0.00;0;0;0;0;0;0;0;0;0.00;0;0;0;0;0;0;0;0;0;0;0;0;0;0;0;0;0;0;0;0;0;0;0;0;0;0;0;0;0;0;0;0;0;0;0;0;0;0;0.00;0;0;0;0;0;0;0;0;0;0;0;0;0;0;0.00;0;0;0.00;0;0;0;0;0;0.00;0;0;0;0;0;0;0;0;0;1;0.00;0;0;0;0;0;0;0.000;0.000;0.00;0;0;0.00;0;0;0.00;0;0;0;0;0;0;0;0;0;1;0.00;0;0;0;1;0.00;0;0;0;0;0;0;0;0;0;0;0;0;0;0.00;0;0;0.00;0;0;0.00;0;0;0;0;0;1;0.00;0;0;0;0;0;0;0;0;0;0;0;0;0;0;0;0;0;0;0;0;0;0;0;0;0;0;0.00;0;0;0
EJRC6X6TLYSTJJYV7ZX1;COMPRE AFUERA SRL;REPLY;2023-04-03T14:35:33.501Z;;;;;;;1I2DYKIOTEHVKUIRQACF;Bella Paloma;AR;false;bellapaloma_1;bellapaloma_1;0;0;0.00;0.000;0.000;0.00;0;0;0;0;0;0.00;0;0;0.00;0;0;0.00;0;0;0.00;0.000;0.000;0.00;0;0;0.00;0;0;0;0;0.00;0;0;0.000;0.000;0.00;0;0;0.00;0.000;0.000;0.00;0;0;0;0;0;0;0;0;0;0;0.00;0;0;0;0;0;0;0;0;0;0;0;0;0;0;0;0;0;0;0;0;0;0;0;0;0;0;0;0;0;0;0;0;0;0;0;0;0;0;0.00;0;0;0;0;0;0;0;0;0;0;0;0;0;0;0.00;0;0;0.00;0;0;0;0;0;0.00;0;0;0;0;0;0;0;0;0;0;0;0;0;0;0;0;0;0.000;0.000;0.00;0;0;0.00;0;0;0.00;0;0;0;0;0;0;0;0;0;0;0;0;0;0;0;0;0;0;0;0;0;0;0;0;0;0;0;0;0;0.00;0;0;0.00;0;0;0.00;0;0;0;0;0;0;0;0;0;0;0;0;0;0;0;0;0;0;0;0;0;0;0;0;0;0;0;0;0;0;0;0;0;0.00;0;0;0
EJRC6X6TLYSTJJYV7ZX1;COMPRE AFUERA SRL;REPLY;2023-04-03T14:35:33.501Z;;;;;;;WA2Q6WQ7JFGUESH3LNZV;Mabe;AR;false;mabe;mabe;0;0;0.00;0.000;0.000;0.00;0;0;0;0;0;0.00;0;0;0.00;0;0;0.00;0;0;0.00;0.000;0.000;0.00;0;0;0.00;0;0;0;0;0.00;0;0;0.000;0.000;0.00;0;0;0.00;0.000;0.000;0.00;1;0.00;0;0;0;0;0;0;0;0;0.00;0;0;0;0;0;0;0;0;0;0;0;0;0;0;0;0;0;0;0;0;0;0;0;0;0;0;0;0;0;0;0;0;0;0;0;0;0;0;0.00;0;0;0;0;0;0;0;0;0;0;0;0;0;0;0.00;0;0;0.00;0;0;0;0;0;0.00;0;0;0;0;0;0;0;0;0;0;0;0;0;0;0;0;0;0.000;0.000;0.00;0;0;0.00;0;0;0.00;0;0;0;0;0;0;0;0;0;0;0;0;0;0;0;0;0;0;0;0;0;0;0;0;0;0;0;0;0;0.00;0;0;0.00;0;0;0.00;0;0;0;0;0;0;0;0;0;0;0;0;0;0;0;0;0;0;0;0;0;0;0;0;0;0;0;0;0;0;0;0;0;0.00;0;0;0
EJRC6X6TLYSTJJYV7ZX1;COMPRE AFUERA SRL;REPLY;2023-04-03T14:35:33.501Z;;;;;;;8XVG8SZ0G2UQ6UI8TJXG;Disuiza;AR;false;disuiza;disuiza;0;6;0.00;0.000;0.000;0.00;0;2;0.00;0;0;0.00;0;0;0.00;0;0;0.00;0;0;0.00;0.000;0.019;0.00;1815696;0;0.00;0;0;0;0;0.00;0;0;0.000;0.000;0.00;0;0;0.00;0.000;0.000;0.00;1;139000.00;1726872;0;0.27;1616070;0;2.59;0;0;0.00;0;0;0;0;0;0;0;0;0;0;0;0;0;0;0;0;0;0;0;0;0;0;0;0;0;0;0;110802;0;0.05;0;0;0;0;0;0;0;0;0.00;0;0;0;0;0;0;0;0;0;0;0;0;389;0;0.00;0;0;0.00;0;0;0;0;0;0.00;0;0;0;0;0;0;0;0;0;0;0;0;0;0;0;0;0;0.000;0.000;0.00;0;93;0.00;0;0;0.00;0;0;0;0;0;0;0;0;0;0;0;0;0;0;0;0;0;0;0;0;0;0;0;0;0;0;0;0;0;0.00;0;0;0.00;0;0;0.00;0;0;0;1;0.00;0;0;0;0;0;0;0;0;0;0;0;0;0;0;0;0;0;0;0;0;0;0;0;0;0;0;0;0;0.00;0;0;0
EJRC6X6TLYSTJJYV7ZX1;COMPRE AFUERA SRL;REPLY;2023-04-03T14:35:33.501Z;;;;;;;08QH4UKVLAODBWK60XIE;Juan Valdez;AR;false;juanvaldez_1;juanvaldez_1;0;6;0.00;0.000;0.000;0.00;0;0;0.00;0;0;0.00;0;0;0.00;0;0;0.00;0;0;0.00;0.000;0.000;0.00;0;0;0.00;0;0;0;0;0.00;0;0;0.000;0.000;0.00;0;0;0.00;0.000;0.000;0.00;1;139000.00;0;0;0.00;0;0;0.00;0;0;0.00;0;0;0;0;0;0;0;0;0;0;0;0;0;0;0;0;0;0;0;0;0;0;0;0;0;0;0;0;0;0;0;0;0;0;0;0;0;0;0.00;0;0;0;0;0;0;0;0;0;0;0;0;0;0;0.00;0;0;0.00;0;0;0;0;0;0.00;0;0;0;0;0;0;0;0;0;0;0;0;0;0;0;0;0;0.000;0.000;0.00;0;0;0.00;0;0;0.00;0;0;0;0;0;0;0;0;0;0;0;0;0;0;0;0;0;0;0;0;0;0;0;0;0;0;0;0;0;0.00;0;0;0.00;0;0;0.00;0;0;0;0;0.00;0;0;0;0;0;0;0;0;0;0;0;0;0;0;0;0;0;0;0;0;0;0;0;0;0;0;0;0;0.00;0;0;0
EJRC6X6TLYSTJJYV7ZX1;COMPRE AFUERA SRL;REPLY;2023-04-03T14:35:33.501Z;;;;;;;08QH4UKVLAODBWK60XIE;Juan Valdez;AR;false;juanvaldez;juanvaldez;2;4;0.00;0.000;0.000;0.00;0;1;0.00;0;0;0.00;0;0;0.00;0;0;0.00;0;0;0.00;0.000;0.004;0.00;428523;0;0.00;0;0;0;0;0.00;0;0;0.000;0.000;0.00;0;0;0.00;0.000;0.000;0.00;0;0;384333;0;0.07;384333;0;0.62;0;0;0.00;0;0;0;0;0;0;0;0;0;0;0;0;0;0;0;0;0;0;0;0;0;0;0;0;0;0;0;0;0;0;0;0;0;0;0;0;0;0;0.00;0;0;0;0;0;0;0;0;0;0;0;0;38;0;0.00;0;0;0.00;0;0;0;0;0;0.00;0;0;0;0;0;0;0;0;0;0;0;0;0;0;0;0;0;0.000;0.000;0.00;0;19;0.00;0;0;0.00;0;0;0;0;0;0;0;0;0;0;0;0;0;0;0;0;0;0;0;0;0;0;0;0;0;0;0;0;0;0.00;0;0;0.00;0;0;0.00;0;0;0;1;0.00;0;0;0;0;0;0;0;0;0;0;0;0;0;0;0;0;0;0;0;0;0;0;0;0;0;0;0;0;0.00;0;0;0
EJRC6X6TLYSTJJYV7ZX1;COMPRE AFUERA SRL;REPLY;2023-04-03T14:35:33.501Z;;;;;;;1MSXJHDFQICQTDTZ0KIM;The Coffee Store;AR;false;thecoffeestore;thecoffeestore;0;0;0.00;0.000;0.000;0.00;0;0;0;0;0;0.00;0;0;0.00;0;0;0.00;0;0;0.00;0.000;0.000;0.00;0;0;0.00;0;0;0;0;0.00;0;0;0.000;0.000;0.00;0;0;0.00;0.000;0.000;0.00;1;0.00;0;0;0;0;0;0;0;0;0.00;0;0;0;0;0;0;0;0;0;0;0;0;0;0;0;0;0;0;0;0;0;0;0;0;0;0;0;0;0;0;0;0;0;0;0;0;0;0;0.00;0;0;0;0;0;0;0;0;0;0;0;0;0;0;0.00;0;0;0.00;0;0;0;0;0;0.00;0;0;0;0;0;0;0;0;0;0;0;0;0;0;0;0;0;0.000;0.000;0.00;0;0;0.00;0;0;0.00;0;0;0;0;0;0;0;0;0;0;0;0;0;0;0;0;0;0;0;0;0;0;0;0;0;0;0;0;0;0.00;0;0;0.00;0;0;0.00;0;0;0;0;0;0;0;0;0;0;0;0;0;0;0;0;0;0;0;0;0;0;0;0;0;0;0;0;0;0;0;0;0;0.00;0;0;0
EJRC6X6TLYSTJJYV7ZX1;COMPRE AFUERA SRL;REPLY;2023-04-03T14:35:33.501Z;;;;;;;0R17MPQRQG5LL28UKJQO;Newsan Chile;AR;false;newsanchile;newsanchile;3;10;18600.00;0.000;0.000;0.00;0;2;0.00;0;0;0.00;0;0;0.00;0;0;0.00;0;0;0.00;0.000;0.000;0.00;1166401;0;0.00;1;0.00;0;0;0.00;0;0;0.000;0.000;0.00;0;0;0.00;0.000;0.000;0.00;1;139000.00;16661;0;0.01;0;0;0;0;0;0.00;0;0;0;0;0;0;0;0;0;0;0;0;0;0;0;0;0;0;0;0;0;0;0;0;0;0;0;16661;0;0.01;0;0;0;0;0;0;0;0;0.00;0;0;0;0;0;0;0;0;0;0;0;0;110;0;0.00;0;0;0.00;0;0;0;0;0;0.00;0;0;0;0;0;0;0;0;0;1;0.00;0;0;0;0;0;0;0.000;0.000;0.00;0;34;0.00;0;0;0;0;0;0;0;0;0;0;0;0;1;0.00;0;0;0;1;0.00;1;0.00;0;0;0;0;0;0;0;0;0;0;0;0.00;0;0;0.00;0;0;0.00;0;0;0;0;0;1;0.00;0;0;0;0;0;0;0;0;0;0;0;0;0;0;0;0;0;0;0;0;0;0;0;0;0;0;0.00;0;0;0
EJRC6X6TLYSTJJYV7ZX1;COMPRE AFUERA SRL;REPLY;2023-04-03T14:35:33.501Z;;;;;;;Z5HC0NREC7J51X6ACG7F;Dapsa;AR;false;dapsa_1;dapsa_1;0;5;0.00;0.000;0.000;0.00;0;0;0;0;0;0.00;0;0;0.00;0;0;0.00;0;0;0.00;0.000;0.008;0.00;1638373;0;0.00;1;0.00;0;0;0.00;0;0;0.000;0.000;0.00;0;0;0.00;0.000;0.000;0.00;1;139000.00;223179;0;0.04;215127;0;0.35;0;0;0.00;0;0;0;0;0;0;0;0;0;0;0;0;0;0;0;0;0;0;0;0;0;0;0;0;0;0;0;8052;0;0.01;0;0;0;0;0;0;0;0;0.00;0;0;0;0;0;0;0;0;0;0;0;0;43;0;0.00;0;0;0.00;0;0;0;0;0;0.00;0;0;0;0;0;0;0;0;0;1;0.00;0;0;0;0;0;0;0.000;0.000;0.00;0;15;0.00;0;0;0.00;0;0;0;0;0;0;0;0;0;1;0.00;0;0;0;1;0.00;0;0;0;0;0;0;0;0;0;0;0;0;0;0.00;0;0;0.00;0;0;0.00;0;0;0;0;0;1;0.00;0;0;0;0;0;0;0;0;0;0;0;0;0;0;0;0;0;0;0;0;0;0;0;0;0;0;0.00;0;0;0
EJRC6X6TLYSTJJYV7ZX1;COMPRE AFUERA SRL;REPLY;2023-04-03T14:35:33.501Z;;;;;;;UL11KJ2BI4RDVRZ724G2;Lifecycle;AR;false;lifecycle;lifecycle;0;5;0.00;0.000;0.000;0.00;0;3;0.00;0;0;0.00;0;0;0.00;0;0;0.00;0;0;0.00;0.000;0.086;0.00;8339367;0;0.00;1;0.00;0;0;0.00;0;0;0.000;0.000;0.00;0;0;0.00;0.000;0.000;0.00;1;139000.00;1587746;0;0.26;1571277;0;2.52;0;0;0.00;0;0;0;0;0;0;0;0;0;0;0;0;0;0;0;0;0;0;0;0;0;0;0;0;0;0;0;16469;0;0.01;0;0;0;0;0;0;0;0;0.00;0;0;0;0;0;0;0;0;0;0;0;0;394;0;0.00;0;0;0.00;0;0;0;0;0;0.00;0;0;0;0;0;0;0;0;0;1;0.00;0;0;0;0;0;0;0.000;0.000;0.00;0;140;0.00;0;0;0.00;0;0;0;0;0;0;0;0;0;1;0.00;0;0;0;1;0.00;0;0;0;0;0;0;0;0;0;0;0;0;0;0.00;0;0;0.00;0;0;0.00;0;0;0;48;0.00;1;0.00;0;0;0;0;0;0;0;0;0;0;0;0;0;0;0;0;0;0;0;0;0;0;0;0;0;0;0.00;0;0;0
EJRC6X6TLYSTJJYV7ZX1;COMPRE AFUERA SRL;REPLY;2023-04-03T14:35:33.501Z;;;;;;;ZK2BROHOU55B77BUMOMS;Top Watch;AR;false;topwatch;topwatch;0;0;0.00;0.000;0.000;0.00;0;0;0;0;0;0.00;0;0;0.00;0;0;0.00;0;0;0.00;0.000;0.000;0.00;0;0;0.00;1;0.00;0;0;0.00;0;0;0.000;0.000;0.00;0;0;0.00;0.000;0.000;0.00;1;0.00;0;0;0;0;0;0;0;0;0.00;0;0;0;0;0;0;0;0;0;0;0;0;0;0;0;0;0;0;0;0;0;0;0;0;0;0;0;0;0;0;0;0;0;0;0;0;0;0;0.00;0;0;0;0;0;0;0;0;0;0;0;0;0;0;0.00;0;0;0.00;0;0;0;0;0;0.00;0;0;0;0;0;0;0;0;0;1;0.00;0;0;0;0;0;0;0.000;0.000;0.00;0;0;0.00;0;0;0.00;0;0;0;0;0;0;0;0;0;1;0.00;0;0;0;1;0.00;0;0;0;0;0;0;0;0;0;0;0;0;0;0.00;0;0;0.00;0;0;0.00;0;0;0;0;0;1;0.00;0;0;0;0;0;0;0;0;0;0;0;0;0;0;0;0;0;0;0;0;0;0;0;0;0;0;0.00;0;0;0
EJRC6X6TLYSTJJYV7ZX1;COMPRE AFUERA SRL;REPLY;2023-04-03T14:35:33.501Z;;;;;;;GYVKLTVWDGGTFO2GR82Y;Legion Extranjera;AR;false;legionextranjera;legionextranjera;0;0;0.00;0.000;0.000;0.00;0;0;0;0;0;0.00;0;0;0.00;0;0;0.00;0;0;0.00;0.000;0.000;0.00;0;0;0.00;1;0.00;0;0;0.00;0;0;0.000;0.000;0.00;0;0;0.00;0.000;0.000;0.00;1;0.00;0;0;0;0;0;0;0;0;0.00;0;0;0;0;0;0;0;0;0;0;0;0;0;0;0;0;0;0;0;0;0;0;0;0;0;0;0;0;0;0;0;0;0;0;0;0;0;0;0.00;0;0;0;0;0;0;0;0;0;0;0;0;0;0;0.00;0;0;0.00;0;0;0;0;0;0.00;0;0;0;0;0;0;0;0;0;1;0.00;0;0;0;0;0;0;0.000;0.000;0.00;0;0;0.00;0;0;0.00;0;0;0;0;0;0;0;0;0;1;0.00;0;0;0;1;0.00;0;0;0;0;0;0;0;0;0;0;0;0;0;0.00;0;0;0.00;0;0;0.00;0;0;0;0;0;1;0.00;0;0;0;0;0;0;0;0;0;0;0;0;0;0;0;0;0;0;0;0;0;0;0;0;0;0;0.00;0;0;0
EJRC6X6TLYSTJJYV7ZX1;COMPRE AFUERA SRL;REPLY;2023-04-03T14:35:33.501Z;;;;;;;1PAOX05BW10AJEA5TX5C;Taurus;AR;false;taurus;taurus;0;5;0.00;0.000;0.000;0.00;0;1;0.00;0;0;0.00;0;0;0.00;0;0;0.00;0;0;0.00;0.000;0.010;0.00;2650911;0;0.00;1;0.00;0;0;0.00;0;0;0.000;0.000;0.00;0;0;0.00;0.000;0.000;0.00;1;139000.00;275694;0;0.05;275694;0;0.45;0;0;0.00;0;0;0;0;0;0;0;0;0;0;0;0;0;0;0;0;0;0;0;0;0;0;0;0;0;0;0;0;0;0;0;0;0;0;0;0;0;0;0.00;0;0;0;0;0;0;0;0;0;0;0;0;40;0;0.00;0;0;0.00;0;0;0;0;0;0.00;0;0;0;0;0;0;0;0;0;1;0.00;0;0;0;0;0;0;0.000;0.000;0.00;0;18;0.00;0;0;0.00;0;0;0;0;0;0;0;0;0;1;0.00;0;0;0;1;0.00;0;0;0;0;0;0;0;0;0;0;0;0;0;0.00;0;0;0.00;0;0;0.00;0;0;0;1;0.00;1;0.00;0;0;0;0;0;0;0;0;0;0;0;0;0;0;0;0;0;0;0;0;0;0;0;0;0;0;0.00;0;0;0
EJRC6X6TLYSTJJYV7ZX1;COMPRE AFUERA SRL;REPLY;2023-04-03T14:35:33.501Z;;;;;;;OZR9BSPHG68ZDGSYNQ5L;Abarka;AR;false;abarka;abarka;0;3;0.00;0.000;0.000;0.00;0;0;0;0;0;0.00;0;0;0.00;0;0;0.00;0;0;0.00;0.000;0.000;0.00;0;0;0.00;1;0.00;0;0;0.00;0;0;0.000;0.000;0.00;0;0;0.00;0.000;0.000;0.00;1;0.00;0;0;0;0;0;0;0;0;0.00;0;0;0;0;0;0;0;0;0;0;0;0;0;0;0;0;0;0;0;0;0;0;0;0;0;0;0;0;0;0;0;0;0;0;0;0;0;0;0.00;0;0;0;0;0;0;0;0;0;0;0;0;0;0;0.00;0;0;0.00;0;0;0;0;0;0.00;0;0;0;0;0;0;0;0;0;1;0.00;0;0;0;0;0;0;0.000;0.000;0.00;0;0;0.00;0;0;0;0;0;0;0;0;0;0;0;0;1;0.00;0;0;0;1;0.00;1;0.00;0;0;0;0;0;0;0;0;0;0;0;0.00;0;0;0.00;0;0;0.00;0;0;0;0;0;1;0.00;0;0;0;0;0;0;0;0;0;0;0;0;0;0;0;0;0;0;0;0;0;0;0;0;0;0;0.00;0;0;0
EJRC6X6TLYSTJJYV7ZX1;COMPRE AFUERA SRL;REPLY;2023-04-03T14:35:33.501Z;;;;;;;CLDJBI6S42AS8VC3EY51;New Bytes;AR;false;newbytes;newbytes;0;0;0.00;0.000;0.000;0.00;0;0;0;0;0;0.00;0;0;0.00;0;0;0.00;0;0;0.00;0.000;0.000;0.00;0;0;0.00;0;0;0;0;0.00;0;0;0.000;0.000;0.00;0;0;0.00;0.000;0.000;0.00;1;0.00;0;0;0;0;0;0;0;0;0.00;0;0;0;0;0;0;0;0;0;0;0;0;0;0;0;0;0;0;0;0;0;0;0;0;0;0;0;0;0;0;0;0;0;0;0;0;0;0;0.00;0;0;0;0;0;0;0;0;0;0;0;0;0;0;0.00;0;0;0.00;0;0;0;0;0;0.00;0;0;0;0;0;0;0;0;0;0;0;0;0;0;0;0;0;0.000;0.000;0.00;0;0;0.00;0;0;0.00;0;0;0;0;0;0;0;0;0;0;0;0;0;0;0;0;0;0;0;0;0;0;0;0;0;0;0;0;0;0.00;0;0;0.00;0;0;0.00;0;0;0;0;0;0;0;0;0;0;0;0;0;0;0;0;0;0;0;0;0;0;0;0;0;0;0;0;0;0;0;0;0;0.00;0;0;0
EJRC6X6TLYSTJJYV7ZX1;COMPRE AFUERA SRL;REPLY;2023-04-03T14:35:33.501Z;;;;;;;8X885W33VQJ4LMF3S48W;Grupo Axo;AR;false;grupoaxo;grupoaxo;0;7;0.00;0.000;0.000;0.00;0;4;0.00;0;52;0.00;0;117;0.00;0;0;0.00;0;0;0.00;0.000;0.028;0.00;9175605;0;0.00;1;0.00;0;0;0.00;0;0;0.000;0.000;0.00;0;0;0.00;0.000;0.000;0.00;1;139000.00;3000264;0;0.48;2950243;0;4.73;0;0;0.00;0;0;0;0;0;0;0;0;0;0;0;0;0;0;0;0;0;0;0;0;0;0;0;0;0;0;0;50021;0;0.03;0;0;0;0;0;0;0;0;0.00;0;0;0;0;0;0;0;0;0;0;0;0;375;0;0.00;0;0;0.00;0;0;0;0;0;0.00;0;0;0;0;0;0;0;0;0;1;0.00;0;0;0;0;0;0;0.000;0.000;0.00;0;123;0.00;0;0;0.00;0;0;0;0;0;0;0;0;0;1;0.00;0;0;0;1;0.00;0;0;0;0;0;0;0;0;0;0;0;0;0;0.00;0;0;0.00;0;0;0.00;0;0;0;3;0.00;1;0.00;0;0;0;0;0;0;0;0;0;0;0;0;0;0;0;0;0;0;0;0;0;0;0;0;0;0;0.00;0;0;0
EJRC6X6TLYSTJJYV7ZX1;COMPRE AFUERA SRL;REPLY;2023-04-03T14:35:33.501Z;;;;;;;UPAFK3YH3GA6ORZIIT7C;Enjoy;AR;false;enjoy;enjoy;0;0;0.00;0.000;0.000;0.00;0;0;0;0;0;0.00;0;0;0.00;0;0;0.00;0;0;0.00;0.000;0.000;0.00;0;0;0.00;1;0.00;0;0;0.00;0;0;0.000;0.000;0.00;0;0;0.00;0.000;0.000;0.00;1;0.00;0;0;0;0;0;0;0;0;0.00;0;0;0;0;0;0;0;0;0;0;0;0;0;0;0;0;0;0;0;0;0;0;0;0;0;0;0;0;0;0;0;0;0;0;0;0;0;0;0.00;0;0;0;0;0;0;0;0;0;0;0;0;0;0;0.00;0;0;0.00;0;0;0;0;0;0.00;0;0;0;0;0;0;0;0;0;1;0.00;0;0;0;0;0;0;0.000;0.000;0.00;0;0;0.00;0;0;0.00;0;0;0;0;0;0;0;0;0;1;0.00;0;0;0;1;0.00;0;0;0;0;0;0;0;0;0;0;0;0;0;0.00;0;0;0.00;0;0;0.00;0;0;0;0;0;1;0.00;0;0;0;0;0;0;0;0;0;0;0;0;0;0;0;0;0;0;0;0;0;0;0;0;0;0;0.00;0;0;0
EJRC6X6TLYSTJJYV7ZX1;COMPRE AFUERA SRL;REPLY;2023-04-03T14:35:33.501Z;;;;;;;PTH6CEBOO5UDIGQ3WS3V;Conter;AR;false;conter;conter;0;0;0.00;0.000;0.000;0.00;0;0;0;0;0;0.00;0;0;0.00;0;0;0.00;0;0;0.00;0.000;0.000;0.00;0;0;0.00;1;0.00;0;0;0.00;0;0;0.000;0.000;0.00;0;0;0.00;0.000;0.000;0.00;1;0.00;0;0;0;0;0;0;0;0;0.00;0;0;0;0;0;0;0;0;0;0;0;0;0;0;0;0;0;0;0;0;0;0;0;0;0;0;0;0;0;0;0;0;0;0;0;0;0;0;0.00;0;0;0;0;0;0;0;0;0;0;0;0;0;0;0.00;0;0;0.00;0;0;0;0;0;0.00;0;0;0;0;0;0;0;0;0;1;0.00;0;0;0;0;0;0;0.000;0.000;0.00;0;0;0.00;0;0;0.00;0;0;0;0;0;0;0;0;0;1;0.00;0;0;0;1;0.00;0;0;0;0;0;0;0;0;0;0;0;0;0;0.00;0;0;0.00;0;0;0.00;0;0;0;0;0;1;0.00;0;0;0;0;0;0;0;0;0;0;0;0;0;0;0;0;0;0;0;0;0;0;0;0;0;0;0.00;0;0;0
EJRC6X6TLYSTJJYV7ZX1;COMPRE AFUERA SRL;REPLY;2023-04-03T14:35:33.501Z;;;;;;;LGS2MUBFVGJVC1W2P3W2;SolS (Abbott);AR;false;solsabbott;solsabbott;0;0;0.00;0.000;0.000;0.00;0;0;0;0;0;0.00;0;0;0.00;0;0;0.00;0;0;0.00;0.000;0.000;0.00;0;0;0.00;1;0.00;0;0;0.00;0;0;0.000;0.000;0.00;0;0;0.00;0.000;0.000;0.00;1;0.00;0;0;0;0;0;0;0;0;0.00;0;0;0;0;0;0;0;0;0;0;0;0;0;0;0;0;0;0;0;0;0;0;0;0;0;0;0;0;0;0;0;0;0;0;0;0;0;0;0.00;0;0;0;0;0;0;0;0;0;0;0;0;0;0;0.00;0;0;0.00;0;0;0;0;0;0.00;0;0;0;0;0;0;0;0;0;1;0.00;0;0;0;0;0;0;0.000;0.000;0.00;0;0;0.00;0;0;0;0;0;0;0;0;0;0;0;0;1;0.00;0;0;0;1;0.00;1;0.00;0;0;0;0;0;0;0;0;0;0;0;0.00;0;0;0.00;0;0;0.00;0;0;0;0;0;1;0.00;0;0;0;0;0;0;0;0;0;0;0;0;0;0;0;0;0;0;0;0;0;0;0;0;0;0;0.00;0;0;0
EJRC6X6TLYSTJJYV7ZX1;COMPRE AFUERA SRL;REPLY;2023-04-03T14:35:33.501Z;;;;;;;PIGM7UP20QNFSQ1ZIV7M;Thermos;AR;false;thermo;thermo;0;0;0.00;0.000;0.000;0.00;0;0;0;0;0;0.00;0;0;0.00;0;0;0.00;0;0;0.00;0.000;0.000;0.00;0;0;0.00;1;0.00;0;0;0.00;0;0;0.000;0.000;0.00;0;0;0.00;0.000;0.000;0.00;1;0.00;0;0;0;0;0;0;0;0;0.00;0;0;0;0;0;0;0;0;0;0;0;0;0;0;0;0;0;0;0;0;0;0;0;0;0;0;0;0;0;0;0;0;0;0;0;0;0;0;0.00;0;0;0;0;0;0;0;0;0;0;0;0;0;0;0.00;0;0;0.00;0;0;0;0;0;0.00;0;0;0;0;0;0;0;0;0;1;0.00;0;0;0;0;0;0;0.000;0.000;0.00;0;0;0.00;0;0;0.00;0;0;0;0;0;0;0;0;0;1;0.00;0;0;0;1;0.00;0;0;0;0;0;0;0;0;0;0;0;0;0;0.00;0;0;0.00;0;0;0.00;0;0;0;0;0;1;0.00;0;0;0;0;0;0;0;0;0;0;0;0;0;0;0;0;0;0;0;0;0;0;0;0;0;0;0.00;0;0;0
EJRC6X6TLYSTJJYV7ZX1;COMPRE AFUERA SRL;REPLY;2023-04-03T14:35:33.501Z;;;;;;;K4FU6V6LASZAZ8EM56MX;COMPRE AFUERA SRL;AR;false;replydemo;replydemo;0;6;0.00;0.000;0.000;0.00;0;13;0.00;0;0;0.00;0;0;0.00;0;0;0.00;0;0;0.00;0.000;0.000;0.00;20848129;0;0.00;1;0.00;0;0;0.00;0;0;0.000;0.000;0.00;0;0;0.00;0.000;0.000;0.00;1;0.00;8619;0;0.01;0;0;0;0;0;0.00;0;0;0;0;0;0;0;0;0;0;0;0;0;0;0;0;0;0;0;0;0;0;0;0;0;0;0;8619;0;0.01;0;0;0;0;0;0;0;0;0.00;0;0;0;0;0;0;0;0;0;0;0;0;41;0;0.00;0;0;0.00;0;0;0;0;0;0.00;0;0;0;0;0;0;0;0;0;1;0.00;0;0;0;0;0;0;0.000;0.000;0.00;0;13;0.00;0;0;0.00;0;0;0;0;0;0;0;0;0;1;0.00;0;0;0;1;0.00;0;0;0;0;0;0;0;0;0;0;0;0;0;0.00;0;0;0.00;0;0;0.00;1;0.00;0;0;0;1;0.00;0;0;0;0;0;0;0;0;0;0;0;0;0;0;0;0;0;0;0;0;0;1;0;0.01;0;0;0.00;0;1;0.00
EJRC6X6TLYSTJJYV7ZX1;COMPRE AFUERA SRL;REPLY;2023-04-03T14:35:33.501Z;;;;;;;WX8VVAHH7X2W0IFBCH25;GEAT;AR;false;geat;geat;0;8;0.00;0.000;0.000;0.00;0;0;0;0;0;0.00;0;0;0.00;0;0;0.00;0;0;0.00;0.000;0.000;0.00;7029;0;0.00;1;0.00;0;0;0.00;0;0;0.000;0.000;0.00;0;0;0.00;0.000;0.000;0.00;1;139000.00;0;0;0;0;0;0;0;0;0.00;0;0;0;0;0;0;0;0;0;0;0;0;0;0;0;0;0;0;0;0;0;0;0;0;0;0;0;0;0;0;0;0;0;0;0;0;0;0;0.00;0;0;0;0;0;0;0;0;0;0;0;0;30;0;0.00;0;0;0.00;0;0;0;0;0;0.00;0;0;0;0;0;0;0;0;0;1;0.00;0;0;0;0;0;0;0.000;0.000;0.00;0;9;0.00;0;0;0.00;0;0;0;0;0;0;0;0;0;1;0.00;0;0;0;1;0.00;0;0;0;0;0;0;0;0;0;0;0;0;0;0.00;0;0;0.00;0;0;0.00;0;0;0;2;0.00;1;0.00;0;0;0;0;0;0;0;0;0;0;0;0;0;0;0;0;0;0;0;0;0;0;0;0;0;0;0.00;0;0;0
EJRC6X6TLYSTJJYV7ZX1;COMPRE AFUERA SRL;REPLY;2023-04-03T14:35:33.501Z;;;;;;;Q8RW4FLAMGZU6MYEKNTE;Smart Foods;AR;false;smartfoods;smartfoods;0;0;0.00;0.000;0.000;0.00;0;0;0;0;0;0.00;0;0;0.00;0;0;0.00;0;0;0.00;0.000;0.000;0.00;0;0;0.00;1;0.00;0;0;0.00;0;0;0.000;0.000;0.00;0;0;0.00;0.000;0.000;0.00;1;0.00;0;0;0;0;0;0;0;0;0.00;0;0;0;0;0;0;0;0;0;0;0;0;0;0;0;0;0;0;0;0;0;0;0;0;0;0;0;0;0;0;0;0;0;0;0;0;0;0;0.00;0;0;0;0;0;0;0;0;0;0;0;0;0;0;0.00;0;0;0.00;0;0;0;0;0;0.00;0;0;0;0;0;0;0;0;0;1;0.00;0;0;0;0;0;0;0.000;0.000;0.00;0;0;0.00;0;0;0.00;0;0;0;0;0;0;0;0;0;1;0.00;0;0;0;1;0.00;0;0;0;0;0;0;0;0;0;0;0;0;0;0.00;0;0;0.00;0;0;0.00;0;0;0;0;0;1;0.00;0;0;0;0;0;0;0;0;0;0;0;0;0;0;0;0;0;0;0;0;0;0;0;0;0;0;0.00;0;0;0
EJRC6X6TLYSTJJYV7ZX1;COMPRE AFUERA SRL;REPLY;2023-04-03T14:35:33.501Z;;;;;;;BARVYV4MSJXBF45CN1MQ;American Confort;AR;false;americanconfort;americanconfort;0;0;0.00;0.000;0.000;0.00;0;0;0;0;0;0.00;0;0;0.00;0;0;0.00;0;0;0.00;0.000;0.000;0.00;0;0;0.00;1;0.00;0;0;0.00;0;0;0.000;0.000;0.00;0;0;0.00;0.000;0.000;0.00;1;0.00;0;0;0;0;0;0;0;0;0.00;0;0;0;0;0;0;0;0;0;0;0;0;0;0;0;0;0;0;0;0;0;0;0;0;0;0;0;0;0;0;0;0;0;0;0;0;0;0;0.00;0;0;0;0;0;0;0;0;0;0;0;0;0;0;0.00;0;0;0.00;0;0;0;0;0;0.00;0;0;0;0;0;0;0;0;0;1;0.00;0;0;0;0;0;0;0.000;0.000;0.00;0;0;0.00;0;0;0.00;0;0;0;0;0;0;0;0;0;1;0.00;0;0;0;1;0.00;0;0;0;0;0;0;0;0;0;0;0;0;0;0.00;0;0;0.00;0;0;0.00;0;0;0;0;0;1;0.00;0;0;0;0;0;0;0;0;0;0;0;0;0;0;0;0;0;0;0;0;0;0;0;0;0;0;0.00;0;0;0
EJRC6X6TLYSTJJYV7ZX1;COMPRE AFUERA SRL;REPLY;2023-04-03T14:35:33.501Z;;;;;;;HH57MW50SQL1E4OFHCOF;Tauber;AR;false;tauber;tauber;0;0;0.00;0.000;0.000;0.00;0;0;0;0;0;0.00;0;0;0.00;0;0;0.00;0;0;0.00;0.000;0.000;0.00;0;0;0.00;1;0.00;0;0;0.00;0;0;0.000;0.000;0.00;0;0;0.00;0.000;0.000;0.00;1;0.00;0;0;0;0;0;0;0;0;0.00;0;0;0;0;0;0;0;0;0;0;0;0;0;0;0;0;0;0;0;0;0;0;0;0;0;0;0;0;0;0;0;0;0;0;0;0;0;0;0.00;0;0;0;0;0;0;0;0;0;0;0;0;0;0;0.00;0;0;0.00;0;0;0;0;0;0.00;0;0;0;0;0;0;0;0;0;1;0.00;0;0;0;0;0;0;0.000;0.000;0.00;0;0;0.00;0;0;0.00;0;0;0;0;0;0;0;0;0;1;0.00;0;0;0;1;0.00;0;0;0;0;0;0;0;0;0;0;0;0;0;0.00;0;0;0.00;0;0;0.00;1;0.00;0;0;0;1;0.00;0;0;0;0;0;0;0;0;0;0;0;0;0;0;0;0;0;0;0;0;0;0;0;0;0;0;0.00;0;0;0
EJRC6X6TLYSTJJYV7ZX1;COMPRE AFUERA SRL;REPLY;2023-04-03T14:35:33.501Z;;;;;;;HFKTBYNKRCP30U8643J3;Grupo Corona;AR;false;grupocorona;grupocorona;0;0;0.00;0.000;0.000;0.00;0;0;0;0;0;0.00;0;0;0.00;0;0;0.00;0;0;0.00;0.000;0.000;0.00;0;0;0.00;1;0.00;0;0;0.00;0;0;0.000;0.000;0.00;0;0;0.00;0.000;0.000;0.00;1;0.00;0;0;0;0;0;0;0;0;0.00;0;0;0;0;0;0;0;0;0;0;0;0;0;0;0;0;0;0;0;0;0;0;0;0;0;0;0;0;0;0;0;0;0;0;0;0;0;0;0.00;0;0;0;0;0;0;0;0;0;0;0;0;0;0;0.00;0;0;0.00;0;0;0;0;0;0.00;0;0;0;0;0;0;0;0;0;1;0.00;0;0;0;0;0;0;0.000;0.000;0.00;0;0;0.00;0;0;0.00;0;0;0;0;0;0;0;0;0;1;0.00;0;0;0;1;0.00;0;0;0;0;0;0;0;0;0;0;0;0;0;0.00;0;0;0.00;0;0;0.00;0;0;0;0;0;1;0.00;0;0;0;0;0;0;0;0;0;0;0;0;0;0;0;0;0;0;0;0;0;0;0;0;0;0;0.00;0;0;0
EJRC6X6TLYSTJJYV7ZX1;COMPRE AFUERA SRL;REPLY;2023-04-03T14:35:33.501Z;;;;;;;YUK6ADU7HPOQN0KKN6R7;Builder Brands;AR;false;builderbrands;builderbrands;0;0;0.00;0.000;0.000;0.00;0;0;0;0;0;0.00;0;0;0.00;0;0;0.00;0;0;0.00;0.000;0.000;0.00;0;0;0.00;1;0.00;0;0;0.00;0;0;0.000;0.000;0.00;0;0;0.00;0.000;0.000;0.00;1;0.00;0;0;0;0;0;0;0;0;0.00;0;0;0;0;0;0;0;0;0;0;0;0;0;0;0;0;0;0;0;0;0;0;0;0;0;0;0;0;0;0;0;0;0;0;0;0;0;0;0.00;0;0;0;0;0;0;0;0;0;0;0;0;0;0;0.00;0;0;0.00;0;0;0;0;0;0.00;0;0;0;0;0;0;0;0;0;1;0.00;0;0;0;0;0;0;0.000;0.000;0.00;0;0;0.00;0;0;0.00;0;0;0;0;0;0;0;0;0;1;0.00;0;0;0;1;0.00;0;0;0;0;0;0;0;0;0;0;0;0;0;0.00;0;0;0.00;0;0;0.00;1;0.00;0;0;0;1;0.00;0;0;0;0;0;0;0;0;0;0;0;0;0;0;0;0;0;0;0;0;0;0;0;0;0;0;0.00;0;0;0
EJRC6X6TLYSTJJYV7ZX1;COMPRE AFUERA SRL;REPLY;2023-04-03T14:35:33.501Z;;;;;;;SSFHBRQCUXIQEVD8XTPL;BiTester;AR;false;bitester;bitester;0;1;0.00;0.000;0.000;0.00;0;0;0;0;0;0.00;0;0;0.00;0;0;0.00;0;0;0.00;0.000;0.000;0.00;0;0;0.00;1;0.00;0;0;0.00;0;0;0.000;0.000;0.00;0;0;0.00;0.000;0.000;0.00;1;0.00;0;0;0;0;0;0;0;0;0.00;0;0;0;0;0;0;0;0;0;0;0;0;0;0;0;0;0;0;0;0;0;0;0;0;0;0;0;0;0;0;0;0;0;0;0;0;0;0;0.00;0;0;0;0;0;0;0;0;0;0;0;0;0;0;0.00;0;0;0.00;0;0;0;0;0;0.00;0;0;0;0;0;0;0;0;0;1;0.00;0;0;0;0;0;0;0.000;0.000;0.00;0;0;0.00;0;0;0.00;0;0;0;0;0;0;0;0;0;1;0.00;0;0;0;1;0.00;0;0;0;0;0;0;0;0;0;0;0;0;0;0.00;0;0;0.00;0;0;0.00;1;0.00;0;0;0;1;0.00;0;0;0;0;0;0;0;0;0;0;0;0;0;0;0;0;0;0;0;0;0;0;0;0;0;0;0.00;0;0;0
EJRC6X6TLYSTJJYV7ZX1;COMPRE AFUERA SRL;REPLY;2023-04-03T14:35:33.501Z;;;;;;;7X6JNBG0DDFPBHH37FT6;Morixe;AR;false;morixe_1;morixe_1;0;6;0.00;0.000;0.000;0.00;0;2;0.00;0;411;0.00;0;0;0.00;0;0;0.00;0;0;0.00;0.000;0.000;0.00;25315998;0;0.00;0;0;0;0;0.00;0;0;0.000;0.000;0.00;0;0;0.00;0.000;0.000;0.00;1;139000.00;1429138;0;0.23;1397612;0;2.24;0;0;0.00;0;0;0;0;0;0;0;0;0;0;0;0;0;0;0;0;0;0;0;0;0;0;0;0;0;0;0;31526;0;0.02;0;0;0;0;0;0;0;0;0.00;0;0;0;0;0;0;0;0;0;0;0;0;431;0;0.00;0;0;0.00;0;0;0;0;0;0.00;0;0;0;0;0;0;0;0;0;0;0;0;0;0;0;0;0;0.000;0.000;0.00;0;151;0.00;0;0;0.00;0;0;0;0;0;0;0;0;0;0;0;0;0;0;0;0;0;0;0;0;0;0;0;0;0;0;0;0;0;0.00;0;0;0.00;0;0;0.00;0;0;0;3;0.00;0;0;0;0;0;0;0;0;0;0;0;0;0;0;0;0;0;0;0;0;0;0;0;0;0;0;0;0;0.00;0;0;0
EJRC6X6TLYSTJJYV7ZX1;COMPRE AFUERA SRL;REPLY;2023-04-03T14:35:33.501Z;;;;;;;CIEF5C7LGA4GM1E4404X;Volf;AR;false;volf;volf;0;0;0.00;0.000;0.000;0.00;0;0;0;0;0;0.00;0;0;0.00;0;0;0.00;0;0;0.00;0.000;0.000;0.00;0;0;0.00;1;0.00;0;0;0.00;0;0;0.000;0.000;0.00;0;0;0.00;0.000;0.000;0.00;1;0.00;0;0;0;0;0;0;0;0;0.00;0;0;0;0;0;0;0;0;0;0;0;0;0;0;0;0;0;0;0;0;0;0;0;0;0;0;0;0;0;0;0;0;0;0;0;0;0;0;0.00;0;0;0;0;0;0;0;0;0;0;0;0;0;0;0.00;0;0;0.00;0;0;0;0;0;0.00;0;0;0;0;0;0;0;0;0;1;0.00;0;0;0;0;0;0;0.000;0.000;0.00;0;0;0.00;0;0;0.00;0;0;0;0;0;0;0;0;0;1;0.00;0;0;0;1;0.00;0;0;0;0;0;0;0;0;0;0;0;0;0;0.00;0;0;0.00;0;0;0.00;1;0.00;0;0;0;1;0.00;0;0;0;0;0;0;0;0;0;0;0;0;0;0;0;0;0;0;0;0;0;0;0;0;0;0;0.00;0;0;0
EJRC6X6TLYSTJJYV7ZX1;COMPRE AFUERA SRL;REPLY;2023-04-03T14:35:33.501Z;;;;;;;PI7DUCMYURQY27OHTBDK;Dapop Make Up;AR;false;dapopmakeup_1;dapopmakeup_1;0;0;0.00;0.000;0.000;0.00;0;0;0;0;0;0.00;0;0;0.00;0;0;0.00;0;0;0.00;0.000;0.000;0.00;0;0;0.00;0;0;0;0;0.00;0;0;0.000;0.000;0.00;0;0;0.00;0.000;0.000;0.00;1;139000.00;0;0;0;0;0;0;0;0;0.00;0;0;0;0;0;0;0;0;0;0;0;0;0;0;0;0;0;0;0;0;0;0;0;0;0;0;0;0;0;0;0;0;0;0;0;0;0;0;0.00;0;0;0;0;0;0;0;0;0;0;0;0;0;0;0.00;0;0;0.00;0;0;0;0;0;0.00;0;0;0;0;0;0;0;0;0;0;0;0;0;0;0;0;0;0.000;0.000;0.00;0;0;0.00;0;0;0.00;0;0;0;0;0;0;0;0;0;0;0;0;0;0;0;0;0;0;0;0;0;0;0;0;0;0;0;0;0;0.00;0;0;0.00;0;0;0.00;0;0;0;0;0;0;0;0;0;0;0;0;0;0;0;0;0;0;0;0;0;0;0;0;0;0;0;0;0;0;0;0;0;0.00;0;0;0
EJRC6X6TLYSTJJYV7ZX1;COMPRE AFUERA SRL;REPLY;2023-04-03T14:35:33.501Z;;;;;;;PI7DUCMYURQY27OHTBDK;Dapop Make Up;AR;false;dapopmakeup_2;dapopmakeup_2;0;0;0.00;0.000;0.000;0.00;0;0;0;0;0;0.00;0;0;0.00;0;0;0.00;0;0;0.00;0.000;0.000;0.00;0;0;0.00;0;0;0;0;0.00;0;0;0.000;0.000;0.00;0;0;0.00;0.000;0.000;0.00;0;0;0;0;0;0;0;0;0;0;0.00;0;0;0;0;0;0;0;0;0;0;0;0;0;0;0;0;0;0;0;0;0;0;0;0;0;0;0;0;0;0;0;0;0;0;0;0;0;0;0.00;0;0;0;0;0;0;0;0;0;0;0;0;0;0;0.00;0;0;0.00;0;0;0;0;0;0.00;0;0;0;0;0;0;0;0;0;0;0;0;0;0;0;0;0;0.000;0.000;0.00;0;0;0.00;0;0;0.00;0;0;0;0;0;0;0;0;0;0;0;0;0;0;0;0;0;0;0;0;0;0;0;0;0;0;0;0;0;0.00;0;0;0.00;0;0;0.00;0;0;0;0;0;0;0;0;0;0;0;0;0;0;0;0;0;0;0;0;0;0;0;0;0;0;0;0;0;0;0;0;0;0.00;0;0;0
EJRC6X6TLYSTJJYV7ZX1;COMPRE AFUERA SRL;REPLY;2023-04-03T14:35:33.501Z;;;;;;;PI7DUCMYURQY27OHTBDK;Dapop Make Up;AR;false;dapopmakeup;dapopmakeup;0;0;0.00;0.000;0.000;0.00;0;0;0;0;0;0.00;0;0;0.00;0;0;0.00;0;0;0.00;0.000;0.000;0.00;0;0;0.00;0;0;0;0;0.00;0;0;0.000;0.000;0.00;0;0;0.00;0.000;0.000;0.00;0;0;0;0;0;0;0;0;0;0;0.00;0;0;0;0;0;0;0;0;0;0;0;0;0;0;0;0;0;0;0;0;0;0;0;0;0;0;0;0;0;0;0;0;0;0;0;0;0;0;0.00;0;0;0;0;0;0;0;0;0;0;0;0;0;0;0.00;0;0;0.00;0;0;0;0;0;0.00;0;0;0;0;0;0;0;0;0;0;0;0;0;0;0;0;0;0.000;0.000;0.00;0;0;0.00;0;0;0.00;0;0;0;0;0;0;0;0;0;0;0;0;0;0;0;0;0;0;0;0;0;0;0;0;0;0;0;0;0;0.00;0;0;0.00;0;0;0.00;0;0;0;0;0;0;0;0;0;0;0;0;0;0;0;0;0;0;0;0;0;0;0;0;0;0;0;0;0;0;0;0;0;0.00;0;0;0
EJRC6X6TLYSTJJYV7ZX1;COMPRE AFUERA SRL;REPLY;2023-04-03T14:35:33.501Z;;;;;;;AU22TAQB6OXSCNUR4UOI;Lamy;AR;false;lamy;lamy;0;0;0.00;0.000;0.000;0.00;0;0;0;0;0;0.00;0;0;0.00;0;0;0.00;0;0;0.00;0.000;0.000;0.00;0;0;0.00;1;0.00;0;0;0.00;0;0;0.000;0.000;0.00;0;0;0.00;0.000;0.000;0.00;1;0.00;0;0;0;0;0;0;0;0;0.00;0;0;0;0;0;0;0;0;0;0;0;0;0;0;0;0;0;0;0;0;0;0;0;0;0;0;0;0;0;0;0;0;0;0;0;0;0;0;0.00;0;0;0;0;0;0;0;0;0;0;0;0;0;0;0.00;0;0;0.00;0;0;0;0;0;0.00;0;0;0;0;0;0;0;0;0;1;0.00;0;0;0;0;0;0;0.000;0.000;0.00;0;0;0.00;0;0;0.00;0;0;0;0;0;0;0;0;0;1;0.00;0;0;0;1;0.00;0;0;0;0;0;0;0;0;0;0;0;0;0;0.00;0;0;0.00;0;0;0.00;0;0;0;0;0;1;0.00;0;0;0;0;0;0;0;0;0;0;0;0;0;0;0;0;0;0;0;0;0;0;0;0;0;0;0.00;0;0;0
EJRC6X6TLYSTJJYV7ZX1;COMPRE AFUERA SRL;REPLY;2023-04-03T14:35:33.501Z;;;;;;;4QOKK83JNUPV07Y8QHP6;Sodastream;AR;false;sodastream_1;sodastream_1;0;15;0.00;0.000;0.000;0.00;0;14;0.00;0;148;0.00;0;98;0.00;0;0;0.00;0;0;0.00;0.000;0.028;0.00;98978943;0;0.00;1;0.00;0;0;0.00;0;0;0.000;0.000;0.00;0;0;0.00;0.000;0.000;0.00;1;276000.00;2680371;0;0.11;0;0;0;0;0;0.00;0;0;0;0;0;0;0;0;0;0;0;0;0;0;0;0;0;0;0;0;0;0;0;0;0;0;0;2680371;0;1.08;0;0;0;0;0;0;0;0;0.00;0;0;0;0;0;0;0;0;0;0;0;0;6489;0;0.00;0;0;0.00;0;0;0;0;0;0.00;0;0;0;0;0;0;0;0;0;1;0.00;0;0;0;0;0;0;0.000;0.000;0.00;0;1006;0.00;0;0;0.00;0;0;0;0;0;0;0;0;0;1;0.00;0;0;0;1;0.00;0;0;0;0;0;0;0;0;0;0;0;0;0;0.00;0;0;0.00;0;0;0.00;1;0.00;0;81;0.00;1;0.00;0;0;0;0;0;0;0;0;0;0;0;0;0;0;0;0;0;0;0;0;0;0;0;0;0;0;0.00;0;0;0
EJRC6X6TLYSTJJYV7ZX1;COMPRE AFUERA SRL;REPLY;2023-04-03T14:35:33.501Z;;;;;;;Z2DIEZ6LZSJ4LDP1LAOR;Double King Neumáticos;AR;false;doublekingneumaticos;doublekingneumaticos;0;0;0.00;0.000;0.000;0.00;0;0;0;0;0;0.00;0;0;0.00;0;0;0.00;0;0;0.00;0.000;0.000;0.00;0;0;0.00;0;0;0;0;0.00;0;0;0.000;0.000;0.00;0;0;0.00;0.000;0.000;0.00;1;0.00;0;0;0;0;0;0;0;0;0.00;0;0;0;0;0;0;0;0;0;0;0;0;0;0;0;0;0;0;0;0;0;0;0;0;0;0;0;0;0;0;0;0;0;0;0;0;0;0;0.00;0;0;0;0;0;0;0;0;0;0;0;0;0;0;0.00;0;0;0.00;0;0;0;0;0;0.00;0;0;0;0;0;0;0;0;0;0;0;0;0;0;0;0;0;0.000;0.000;0.00;0;0;0.00;0;0;0.00;0;0;0;0;0;0;0;0;0;0;0;0;0;0;0;0;0;0;0;0;0;0;0;0;0;0;0;0;0;0.00;0;0;0.00;0;0;0.00;0;0;0;0;0;0;0;0;0;0;0;0;0;0;0;0;0;0;0;0;0;0;0;0;0;0;0;0;0;0;0;0;0;0.00;0;0;0
EJRC6X6TLYSTJJYV7ZX1;COMPRE AFUERA SRL;REPLY;2023-04-03T14:35:33.501Z;;;;;;;PBC4Q6SPUHMSQTDASEP7;Style Store;AR;false;stylestore_1;stylestore_1;0;0;0.00;0.000;0.000;0.00;0;0;0;0;0;0.00;0;0;0.00;0;0;0.00;0;0;0.00;0.000;0.000;0.00;0;0;0.00;0;0;0;0;0.00;0;0;0.000;0.000;0.00;0;0;0.00;0.000;0.000;0.00;1;0.00;0;0;0;0;0;0;0;0;0.00;0;0;0;0;0;0;0;0;0;0;0;0;0;0;0;0;0;0;0;0;0;0;0;0;0;0;0;0;0;0;0;0;0;0;0;0;0;0;0.00;0;0;0;0;0;0;0;0;0;0;0;0;0;0;0.00;0;0;0.00;0;0;0;0;0;0.00;0;0;0;0;0;0;0;0;0;0;0;0;0;0;0;0;0;0.000;0.000;0.00;0;0;0.00;0;0;0.00;0;0;0;0;0;0;0;0;0;0;0;0;0;0;0;0;0;0;0;0;0;0;0;0;0;0;0;0;0;0.00;0;0;0.00;0;0;0.00;0;0;0;0;0;0;0;0;0;0;0;0;0;0;0;0;0;0;0;0;0;0;0;0;0;0;0;0;0;0;0;0;0;0.00;0;0;0
EJRC6X6TLYSTJJYV7ZX1;COMPRE AFUERA SRL;REPLY;2023-04-03T14:35:33.501Z;;;;;;;ARP8C2VPFD4CQQUSDKQG;Nestle;AR;false;nestle;nestle;0;11;0.00;0.000;0.000;0.00;0;11;0.00;0;231;0.00;0;0;0.00;0;0;0.00;0;0;0.00;0.000;0.073;0.00;99078982;0;0.00;1;0.00;0;0;0.00;0;0;0.000;0.000;0.00;0;0;0.00;0.000;0.000;0.00;1;139000.00;4310845;0;1.46;727093;0;1.17;0;0;0.00;0;0;0;1386847;0;7.79;0;0;0;0;0;0;1082718;0;4.90;0;0;0;29616;0;0.05;220715;0;0.36;0;0;0;861972;0;0.35;0;0;0;1884;0;0.01;0;0;0.00;0;0;0;0;0;0;0;0;0;0;0;0;3319;0;0.00;0;0;0.00;0;0;0;0;0;0.00;0;0;0;0;0;0;0;0;0;1;0.00;0;0;0;0;0;0;0.000;0.000;0.00;0;874;0.00;0;0;0.00;0;0;0;0;0;0;0;0;0;1;0.00;0;0;0;1;0.00;0;0;0;0;0;0;0;0;0;0;0;0;0;0.00;0;0;0.00;0;0;0.00;0;0;0;10;0.00;1;0.00;0;0;0;0;0;0;0;0;0;0;0;0;0;0;0;0;0;0;0;0;0;0;0;0;0;0;0.00;0;0;0
EJRC6X6TLYSTJJYV7ZX1;COMPRE AFUERA SRL;REPLY;2023-04-03T14:35:33.501Z;;;;;;;EME8COG5FRCE7LTQP2J7;JanSport & Herschel;AR;false;jansport;jansport;0;5;0.00;0.000;0.000;0.00;0;3;0.00;0;1;0.00;0;0;0.00;0;0;0.00;0;0;0.00;0.000;0.037;0.00;6178101;0;0.00;1;0.00;0;0;0.00;0;0;0.000;0.000;0.00;0;0;0.00;0.000;0.000;0.00;1;139000.00;486582;0;0.08;469926;0;0.76;0;0;0.00;0;0;0;0;0;0;0;0;0;0;0;0;0;0;0;0;0;0;0;0;0;0;0;0;0;0;0;16656;0;0.01;0;0;0;0;0;0;0;0;0.00;0;0;0;0;0;0;0;0;0;0;0;0;158;0;0.00;0;0;0.00;0;0;0;0;0;0.00;0;0;0;0;0;0;0;0;0;1;0.00;0;0;0;0;0;0;0.000;0.000;0.00;0;42;0.00;0;0;0.00;0;0;0;0;0;0;0;0;0;1;0.00;0;0;0;1;0.00;0;0;0;0;0;0;0;0;0;0;0;0;0;0.00;0;0;0.00;0;0;0.00;0;0;0;8;0.00;1;0.00;0;0;0;0;0;0;0;0;0;0;0;0;0;0;0;0;0;0;0;0;0;0;0;0;0;0;0.00;0;0;0
EJRC6X6TLYSTJJYV7ZX1;COMPRE AFUERA SRL;REPLY;2023-04-03T14:35:33.501Z;;;;;;;6BOT4IGZIPK03MTVYMSC;Alma Nativa;AR;false;almanativa;almanativa;0;6;0.00;0.000;0.000;0.00;0;0;0;0;97;0.00;0;55;0.00;0;0;0.00;0;0;0.00;0.000;0.000;0.00;50655228;0;0.00;0;0;0;0;0.00;0;0;0.000;0.000;0.00;0;0;0.00;0.000;0.000;0.00;1;139000.00;1188239;0;0.19;1175493;0;1.89;0;0;0.00;0;0;0;0;0;0;0;0;0;0;0;0;0;0;0;0;0;0;0;0;0;0;0;0;0;0;0;12746;0;0.01;0;0;0;0;0;0;0;0;0.00;0;0;0;0;0;0;0;0;0;0;0;0;275;0;0.00;0;0;0.00;0;0;0;0;0;0.00;0;0;0;0;0;0;0;0;0;0;0;0;0;0;0;0;0;0.000;0.000;0.00;0;117;0.00;0;0;0.00;0;0;0;0;0;0;0;0;0;0;0;0;0;0;0;0;0;0;0;0;0;0;0;0;0;0;0;0;0;0.00;0;0;0.00;0;0;0.00;0;0;0;2;0.00;0;0;0;0;0;0;0;0;0;0;0;0;0;0;0;0;0;0;0;0;0;0;0;0;0;0;0;0;0.00;0;0;0
EJRC6X6TLYSTJJYV7ZX1;COMPRE AFUERA SRL;REPLY;2023-04-03T14:35:33.501Z;;;;;;;PVMYNDMVBY1YX5YCCXZ8;Springwall;AR;false;springwall;springwall;0;0;0.00;0.000;0.000;0.00;0;0;0;0;0;0.00;0;0;0.00;0;0;0.00;0;0;0.00;0.000;0.000;0.00;0;0;0.00;0;0;0;0;0.00;0;0;0.000;0.000;0.00;0;0;0.00;0.000;0.000;0.00;1;0.00;0;0;0;0;0;0;0;0;0.00;0;0;0;0;0;0;0;0;0;0;0;0;0;0;0;0;0;0;0;0;0;0;0;0;0;0;0;0;0;0;0;0;0;0;0;0;0;0;0.00;0;0;0;0;0;0;0;0;0;0;0;0;0;0;0.00;0;0;0.00;0;0;0;0;0;0.00;0;0;0;0;0;0;0;0;0;0;0;0;0;0;0;0;0;0.000;0.000;0.00;0;0;0.00;0;0;0.00;0;0;0;0;0;0;0;0;0;0;0;0;0;0;0;0;0;0;0;0;0;0;0;0;0;0;0;0;0;0.00;0;0;0.00;0;0;0.00;0;0;0;0;0;0;0;0;0;0;0;0;0;0;0;0;0;0;0;0;0;0;0;0;0;0;0;0;0;0;0;0;0;0.00;0;0;0
EJRC6X6TLYSTJJYV7ZX1;COMPRE AFUERA SRL;REPLY;2023-04-03T14:35:33.501Z;;;;;;;OIKYSAXE6DHB4RUUT8VZ;Deshu;AR;false;deshu;deshu;0;0;0.00;0.000;0.000;0.00;0;0;0;0;0;0.00;0;0;0.00;0;0;0.00;0;0;0.00;0.000;0.000;0.00;0;0;0.00;1;0.00;0;0;0.00;0;0;0.000;0.000;0.00;0;0;0.00;0.000;0.000;0.00;1;0.00;0;0;0;0;0;0;0;0;0.00;0;0;0;0;0;0;0;0;0;0;0;0;0;0;0;0;0;0;0;0;0;0;0;0;0;0;0;0;0;0;0;0;0;0;0;0;0;0;0.00;0;0;0;0;0;0;0;0;0;0;0;0;0;0;0.00;0;0;0.00;0;0;0;0;0;0.00;0;0;0;0;0;0;0;0;0;1;0.00;0;0;0;0;0;0;0.000;0.000;0.00;0;0;0.00;0;0;0.00;0;0;0;0;0;0;0;0;0;1;0.00;0;0;0;1;0.00;0;0;0;0;0;0;0;0;0;0;0;0;0;0.00;0;0;0.00;0;0;0.00;0;0;0;0;0;1;0.00;0;0;0;0;0;0;0;0;0;0;0;0;0;0;0;0;0;0;0;0;0;0;0;0;0;0;0.00;0;0;0
EJRC6X6TLYSTJJYV7ZX1;COMPRE AFUERA SRL;REPLY;2023-04-03T14:35:33.501Z;;;;;;;ICURA4OS1ZDWRSG5IGRK;Givova;AR;false;givova;givova;0;6;0.00;0.000;0.000;0.00;0;0;0;0;0;0.00;0;0;0.00;0;0;0.00;0;0;0.00;0.000;0.004;0.00;0;0;0.00;0;0;0;0;0.00;0;0;0.000;0.000;0.00;0;0;0.00;0.000;0.000;0.00;1;139000.00;55613;0;0.01;55613;0;0.09;0;0;0.00;0;0;0;0;0;0;0;0;0;0;0;0;0;0;0;0;0;0;0;0;0;0;0;0;0;0;0;0;0;0;0;0;0;0;0;0;0;0;0.00;0;0;0;0;0;0;0;0;0;0;0;0;10;0;0.00;0;0;0.00;0;0;0;0;0;0.00;0;0;0;0;0;0;0;0;0;0;0;0;0;0;0;0;0;0.000;0.000;0.00;0;5;0.00;0;0;0.00;0;0;0;0;0;0;0;0;0;0;0;0;0;0;0;0;0;0;0;0;0;0;0;0;0;0;0;0;0;0.00;0;0;0.00;0;0;0.00;0;0;0;0;0;0;0;0;0;0;0;0;0;0;0;0;0;0;0;0;0;0;0;0;0;0;0;0;0;0;0;0;0;0.00;0;0;0
EJRC6X6TLYSTJJYV7ZX1;COMPRE AFUERA SRL;REPLY;2023-04-03T14:35:33.501Z;;;;;;;V7ATSDH4MOZUKNAHTTRL;Herschel;AR;false;herschel;herschel;0;0;0.00;0.000;0.000;0.00;0;0;0;0;0;0.00;0;0;0.00;0;0;0.00;0;0;0.00;0.000;0.000;0.00;0;0;0.00;1;0.00;0;0;0.00;0;0;0.000;0.000;0.00;0;0;0.00;0.000;0.000;0.00;1;0.00;0;0;0;0;0;0;0;0;0.00;0;0;0;0;0;0;0;0;0;0;0;0;0;0;0;0;0;0;0;0;0;0;0;0;0;0;0;0;0;0;0;0;0;0;0;0;0;0;0.00;0;0;0;0;0;0;0;0;0;0;0;0;0;0;0.00;0;0;0.00;0;0;0;0;0;0.00;0;0;0;0;0;0;0;0;0;1;0.00;0;0;0;0;0;0;0.000;0.000;0.00;0;0;0.00;0;0;0.00;0;0;0;0;0;0;0;0;0;1;0.00;0;0;0;1;0.00;0;0;0;0;0;0;0;0;0;0;0;0;0;0.00;0;0;0.00;0;0;0.00;0;0;0;0;0;1;0.00;0;0;0;0;0;0;0;0;0;0;0;0;0;0;0;0;0;0;0;0;0;0;0;0;0;0;0.00;0;0;0
EJRC6X6TLYSTJJYV7ZX1;COMPRE AFUERA SRL;REPLY;2023-04-03T14:35:33.501Z;;;;;;;L60CPGEQCH8GBIZBGD63;SRISRI;AR;false;srisri;srisri;0;6;0.00;0.000;0.000;0.00;0;1;0.00;0;0;0.00;0;0;0.00;0;0;0.00;0;0;0.00;0.000;0.000;0.00;3855659;0;0.00;1;0.00;0;0;0.00;0;0;0.000;0.000;0.00;0;0;0.00;0.000;0.000;0.00;1;139000.00;8394;0;0.01;0;0;0;0;0;0.00;0;0;0;0;0;0;0;0;0;0;0;0;0;0;0;0;0;0;0;0;0;0;0;0;0;0;0;8394;0;0.01;0;0;0;0;0;0;0;0;0.00;0;0;0;0;0;0;0;0;0;0;0;0;61;0;0.00;0;0;0.00;0;0;0;0;0;0.00;0;0;0;0;0;0;0;0;0;1;0.00;0;0;0;0;0;0;0.000;0.000;0.00;0;14;0.00;0;0;0;0;0;0;0;0;0;0;0;0;1;0.00;0;0;0;1;0.00;1;0.00;0;0;0;0;0;0;0;0;0;0;0;0.00;0;0;0.00;0;0;0.00;0;0;0;1;0.00;1;0.00;0;0;0;0;0;0;0;0;0;0;0;0;0;0;0;0;0;0;0;0;0;0;0;0;0;0;0.00;0;0;0