País,Vendedor,Tipo de Cargo,Moneda,2024-01-01,,2024-02-01,,2024-03-01,,2024-04-01,,2024-05-01,,2024-06-01,,2024-07-01,,2024-08-01,,2024-09-01,,2024-10-01,,2024-11-01,,2024-12-01,,2025-01-01,,2025-02-01,,2025-03-01,,2025-04-01,,2025-05-01,,2025-06-01,,2025-07-01,,2025-08-01,,2025-09-01,,2025-10-01,,2025-11-01,,2025-12-01,,2026-01-01,,2026-02-01,,2026-03-01,,2026-04-01,,2026-05-01,,2026-06-01,,2026-07-01,,2026-08-01,
,,,,Alícuota,Monto,Alícuota,Monto,Alícuota,Monto,Alícuota,Monto,Alícuota,Monto,Alícuota,Monto,Alícuota,Monto,Alícuota,Monto,Alícuota,Monto,Alícuota,Monto,Alícuota,Monto,Alícuota,Monto,Alícuota,Monto,Alícuota,Monto,Alícuota,Monto,Alícuota,Monto,Alícuota,Monto,Alícuota,Monto,Alícuota,Monto,Alícuota,Monto,Alícuota,Monto,Alícuota,Monto,Alícuota,Monto,Alícuota,Monto,Alícuota,Monto,Alícuota,Monto,Alícuota,Monto,Alícuota,Monto,Alícuota,Monto,Alícuota,Monto,Alícuota,Monto,Alícuota,Monto
ARG,Morixe,MINIMO,ARS,,,,,,,,,,,,,,,,,,,,,,,,,,,,,,,,,,,,,,,0,"2.456.300,00",0,"2.502.969,70",0,"2.555.532,06",0,"2.614.309,30",0,"2.679.667,03",0,"2.754.697,71",0,"2.834.583,94",0,"2.916.786,87",0,"3.015.957,62",0,"3.094.372,52",0,"3.159.354,34",0,"3.219.382,08",0,"3.286.989,10"
ARG,Morixe,PORCENTUAL,ARS,,,,,,,,,,,,,,,,,,,,,,,,,,,,,,,,,,,,,,,"5,50%","44.660.000,00","5,50%","45.508.540,00","5,50%","46.464.219,00","5,50%","47.532.896,00","5,50%","48.721.218,00","5,50%","50.085.412,00","5,50%","51.537.889,00","5,50%","53.032.488,00","5,50%","54.835.592,59","5,50%","56.261.318,00","5,50%","57.442.805,68","5,50%","58.534.218,99","5,50%","59.763.437,58"
ARG,Morixe,PORCENTUAL,ARS,,,,,,,,,,,,,,,,,,,,,,,,,,,,,,,,,,,,,,,"4,50%","63.800.000,00","4,50%","65.012.200,00","4,50%","66.377.456,00","4,50%","67.904.137,00","4,50%","69.601.740,00","4,50%","71.550.589,00","4,50%","73.625.556,00","4,50%","75.760.697,00","4,50%","78.336.560,70","4,50%","80.373.311,28","4,50%","82.061.150,82","4,50%","83.620.312,68","4,50%","85.376.339,25"
ARG,Morixe,PORCENTUAL,ARS,,,,,,,,,,,,,,,,,,,,,,,,,,,,,,,,,,,,,,,"4,25%","89.320.000,00","4,25%","91.017.080,00","4,25%","92.928.439,00","4,25%","95.065.793,00","4,25%","97.442.438,00","4,25%","100.170.826,00","4,25%","103.075.780,00","4,25%","106.064.978,00","4,25%","109.671.187,25","4,25%","112.522.638,12","4,25%","114.885.613,52","4,25%","117.068.440,18","4,25%","119.526.877,42"
ARG,Morixe,PORCENTUAL,ARS,,,,,,,,,,,,,,,,,,,,,,,,,,,,,,,,,,,,,,,"3,75%","121.220.000,00","3,75%","123.523.180,00","3,75%","126.117.167,00","3,75%","129.017.862,00","3,75%","132.243.309,00","3,75%","135.946.122,00","3,75%","139.888.560,00","3,75%","143.945.328,00","3,75%","148.839.469,15","3,75%","152.709.295,35","3,75%","155.916.190,55","3,75%","158.878.598,17","3,75%","162.215.048,73"
ARG,Morixe,PORCENTUAL,ARS,,,,,,,,,,,,,,,,,,,,,,,,,,,,,,,,,,,,,,,"3,50%","165.880.000,00","3,50%","169.031.720,00","3,50%","172.581.386,00","3,50%","176.550.758,00","3,50%","180.964.527,00","3,50%","186.031.534,00","3,50%","191.426.448,00","3,50%","196.977.815,00","3,50%","203.675.060,71","3,50%","208.970.612,29","3,50%","213.358.995,15","3,50%","217.412.816,06","3,50%","221.978.485,19"
ARG,Morixe,PORCENTUAL,ARS,,,,,,,,,,,,,,,,,,,,,,,,,,,,,,,,,,,,,,,"3,00%","242.440.000,00","3,00%","247.046.360,00","3,00%","252.234.334,00","3,00%","258.035.724,00","3,00%","264.486.617,00","3,00%","271.892.242,00","3,00%","279.777.117,00","3,00%","287.890.653,00","3,00%","297.678.935,20","3,00%","305.418.587,52","3,00%","311.832.377,86","3,00%","317.757.193,04","3,00%","324.430.094,09"
ARG,Morixe,PORCENTUAL,ARS,,,,,,,,,,,,,,,,,,,,,,,,,,,,,,,,,,,,,,,"2,50%","357.280.000,00","2,50%","364.068.320,00","2,50%","371.713.755,00","2,50%","380.263.171,00","2,50%","389.769.750,00","2,50%","400.683.303,00","2,50%","412.303.119,00","2,50%","424.259.909,00","2,50%","438.684.745,91","2,50%","450.090.549,30","2,50%","459.542.450,84","2,50%","468.273.757,40","2,50%","478.107.506,31"
ARG,Morixe,PORCENTUAL,ARS,,,,,,,,,,,,,,,,,,,,,,,,,,,,,,,,,,,,,,,"2,00%","510.400.000,00","2,00%","520.097.600,00","2,00%","531.019.650,00","2,00%","543.233.102,00","2,00%","556.813.930,00","2,00%","572.404.720,00","2,00%","589.004.457,00","2,00%","606.085.586,00","2,00%","626.692.495,92","2,00%","642.986.500,82","2,00%","656.489.217,34","2,00%","668.962.512,47","2,00%","683.010.725,23"
